<?xml version="1.0" encoding="utf-8"?>
<company>
  <title>Ilmfinity</title>
  <based-in>United States</based-in>
  <founding-date>2010</founding-date>
  <website>www.ilmfinity.com</website>
  <press-contact>press@ilmfinity.com</press-contact>

  <!-- Google analytics ID: -->
  <analytics></analytics>

  <phone>+1 (123) 456-7890</phone>
  <address>
    <line>
      8156 S Wadsworth Blvd. Unit E-512
    </line>
    <line>
      Littleton, CO 98026
    </line>
    <line>
      United States of America
    </line>
  </address>


  <socials>
    <social>
      <name>Twitter</name>
      <link>
        <!-- URL starting with http or https -->
        https://twitter.com/ilmfinity?lang=en
      </link>
    </social>
    <social>
      <name>Facebook</name>
      <link>
        <!-- URL starting with http or https -->
        https://www.facebook.com/ilmfinity
      </link>
    </social>
    <social>
      <name>Instagram</name>
      <link>
        <!-- URL starting with http or https -->
        https://www.instagram.com/evocreo.official
      </link>
    </social>
    <!-- Add more social media platforms if applicable -->
  </socials>

<description>
  "Ilmfinity" is a leading innovator in mobile gaming, known for its flagship title, "EvoCreo." As the sole owner of the "EvoCreo" franchise, Ilmfinity has captivated global audiences with its immersive gameplay, engaging narrative, and creativity.

  "EvoCreo" has redefined the mobile RPG genre, inviting players on a thrilling adventure in the world of Zenith. Players become Creo Tamers, capturing, training, and battling over 130 unique species of creatures known as Creo. This expansive world offers a unique gaming experience.

  Anticipation builds for the sequel, "EvoCreo II," as Ilmfinity aims to once again revolutionize mobile gaming. With new features, expanded mechanics, and a more immersive storyline, "EvoCreo II" promises to surpass expectations.

  A team of visionary developers, artists, and storytellers drives Ilmfinity's success, dedicated to quality and innovation in every aspect of "EvoCreo." As "EvoCreo II" approaches, Ilmfinity remains committed to delivering unparalleled gaming experiences, inviting players on unforgettable journeys where legends are born.
</description>

  <!-- Choose between a single block: -->
  <history></history>

  <!-- Or multiple blocks: -->
  <!--
  <histories>
    <history>
      <header></header>
      <text></text>
    </history>
  </histories>
  -->

  <trailers>
    <trailer>
      <name></name>

      <!-- Pick one: -->
      <youtube>
        BASw7bLZURo
      </youtube>
    </trailer>
  </trailers>

  <additionals>
    <additional>
      <title></title>
      <description></description>
      <link></link>
    </additional>
  </additionals>

  <credits>
    <credit>
      <person>Ebrahim Behbahani</person>
      <role>Game Creator, Producer, Production Designer</role>
      <website></website>
    </credit>
  </credits>

  <contacts>
    <contact>
      <name>Ebrahim Behbahani</name>

      <!-- Pick one: -->
      <mail>ebrahim@ilmfinity.com</mail>
    </contact>
  </contacts>
</company>
